Country Name;2016 [YR2016]
Afghanistan;34700612.0
Albania;2689469.0
Algeria;40850721.0
American Samoa;52245.0
Andorra;72181.0
Angola;29183070.0
Antigua and Barbuda;89969.0
Argentina;43900313.0
Armenia;2992300.0
Aruba;108727.0
Australia;24190907.0
Austria;8736668.0
Azerbaijan;9757812.0
Bahamas, The;388055.0
Bahrain;1423726.0
Bangladesh;160811932.0
Barbados;279598.0
Belarus;9469379.0
Belgium;11331422.0
Belize;364705.0
Benin;11697842.0
Bermuda;63449.0
Bhutan;747866.0
Bolivia;11180020.0
Bosnia and Herzegovina;3473003.0
Botswana;2234776.0
Brazil;203218114.0
British Virgin Islands;33878.0
Brunei Darussalam;427564.0
Bulgaria;6894139.0
Burkina Faso;19334856.0
Burundi;11239451.0
Cabo Verde;512554.0
Cambodia;15852803.0
Cameroon;23454161.0
Canada;36110803.0
Cayman Islands;63100.0
Central African Republic;4713663.0
Chad;15114655.0
Channel Islands;163883.0
Chile;18267221.0
China;1387790000.0
Colombia;47437512.0
Comoros;741741.0
Congo, Dem. Rep.;83956415.0
Congo, Rep.;5222536.0
Costa Rica;4866998.0
Cote d'Ivoire;25989405.0
Croatia;4106867.0
Cuba;11265612.0
Curacao;159664.0
Cyprus;1237112.0
Czechia;10566332.0
Denmark;5728010.0
Djibouti;1037653.0
Dominica;69606.0
Dominican Republic;10551430.0
Ecuador;16505139.0
Egypt, Arab Rep.;101644589.0
El Salvador;6200800.0
Equatorial Guinea;1508186.0
Eritrea;3124698.0
Estonia;1315790.0
Ethiopia;106718162.0
Faroe Islands;49464.0
Fiji;919166.0
Finland;5495303.0
France;66724104.0
French Polynesia;279178.0
Gabon;2100306.0
Gambia, The;2283769.0
Georgia;3727505.0
Germany;82348669.0
Ghana;29356742.0
Gibraltar;33658.0
Greece;10775971.0
Greenland;56186.0
Grenada;115130.0
Guam;164233.0
Guatemala;16268760.0
Guinea;12073030.0
Guinea-Bissau;1831893.0
Guyana;763548.0
Haiti;10671457.0
Honduras;9412380.0
Hong Kong SAR, China;7336600.0
Hungary;9759755.0
Iceland;335439.0
India;1343944296.0
Indonesia;264627418.0
Iran, Islamic Rep.;83812228.0
Iraq;38469627.0
Ireland;4762722.0
Isle of Man;83466.0
Israel;8546000.0
Italy;60115223.0
Jamaica;2809915.0
Japan;127076000.0
Jordan;10006367.0
Kazakhstan;18363600.0
Kenya;48139687.0
Kiribati;118478.0
Korea, Dem. People's Rep.;25698326.0
Korea, Rep.;51217803.0
Kosovo;1777568.0
Kuwait;4004096.0
Kyrgyz Republic;6175338.0
Lao PDR;6908802.0
Latvia;1959537.0
Lebanon;6323060.0
Lesotho;2130422.0
Liberia;4755608.0
Libya;6632126.0
Liechtenstein;37716.0
Lithuania;2877325.0
Luxembourg;582014.0
Macao SAR, China;652500.0
North Macedonia;1906313.0
Madagascar;26099952.0
Malawi;17557739.0
Malaysia;31789685.0
Maldives;443308.0
Mali;19191289.0
Malta;454505.0
Marshall Islands;47709.0
Mauritania;4086657.0
Mauritius;1263747.0
Mexico;122251351.0
Micronesia, Fed. Sts.;109075.0
Moldova;2803186.0
Monaco;37276.0
Mongolia;3088856.0
Montenegro;625353.0
Morocco;35023457.0
Mozambique;27337105.0
Myanmar;51495696.0
Namibia;2439213.0
Nauru;11150.0
Nepal;27955462.0
Netherlands;17030314.0
New Caledonia;283423.0
New Zealand;4714100.0
Nicaragua;6232666.0
Niger;20685753.0
Nigeria;195443700.0
Northern Mariana Islands;50773.0
Norway;5234519.0
Oman;4390877.0
Pakistan;220138869.0
Palau;17797.0
Panama;4029086.0
Papua New Guinea;8961718.0
Paraguay;6249126.0
Peru;30866494.0
Philippines;106735719.0
Poland;37970087.0
Portugal;10325452.0
Puerto Rico (US);3480432.0
Qatar;2477113.0
Romania;19702267.0
Russian Federation;145015460.0
Rwanda;11919183.0
Samoa;203499.0
San Marino;33101.0
Sao Tome and Principe;203689.0
Saudi Arabia;30954198.0
Senegal;15034521.0
Serbia;7058322.0
Seychelles;94677.0
Sierra Leone;7205328.0
Singapore;5607283.0
Sint Maarten (Dutch part);38249.0
Slovak Republic;5430798.0
Slovenia;2065042.0
Solomon Islands;662379.0
Somalia, Fed. Rep.;14348740.0
South Africa;57259551.0
South Sudan;10830102.0
Spain;46458139.0
Sri Lanka;21209000.0
St. Kitts and Nevis;47075.0
St. Lucia;175646.0
St. Martin (French part);37175.0
St. Vincent and the Grenadines;106349.0
Sudan;41259892.0
Suriname;587757.0
Eswatini;1149507.0
Sweden;9923085.0
Switzerland;8373338.0
Syrian Arab Republic;19193834.0
Tajikistan;8865631.0
Tanzania;53824013.0
Thailand;70859841.0
Timor-Leste;1228312.0
Togo;7858289.0
Tonga;105524.0
Trinidad and Tobago;1353895.0
Tunisia;11528674.0
Turkiye;79277962.0
Turkmenistan;6360041.0
Turks and Caicos Islands;38315.0
Tuvalu;10930.0
Uganda;38799152.0
Ukraine;45616832.0
United Arab Emirates;8935095.0
United Kingdom;65607000.0
United States;324353340.0
Uruguay;3379283.0
Uzbekistan;31284568.0
Vanuatu;272087.0
Venezuela, RB;30765720.0
Viet Nam;94000117.0
Virgin Islands (U.S.);107516.0
West Bank and Gaza;4367088.0
Yemen, Rep.;32109010.0
Zambia;16914423.0
Zimbabwe;14600294.0
Afghanistan;652860.0
Albania;28750.0
Algeria;2381741.0
Andorra;470.0
Angola;1246700.0
Antigua and Barbuda;440.0
Argentina;2780400.0
Armenia;29740.0
Australia;7741220.0
Austria;83879.0
Azerbaijan;86600.0
Bahamas, The;13880.0
Bahrain;779.0
Bangladesh;147630.0
Barbados;430.0
Belarus;207600.0
Belgium;30528.0
Belize;22970.0
Benin;114760.0
Bermuda;4290.0
Bhutan;38394.0
Bolivia;1098580.0
Bosnia and Herzegovina;51210.0
Botswana;581730.0
Brazil;8515770.0
Brunei Darussalam;5770.0
Bulgaria;111000.0
Burkina Faso;274220.0
Burundi;27830.0
Cabo Verde;4030.0
Cambodia;181040.0
Cameroon;475440.0
Canada;15640500.0
Cayman Islands;264.0
Central African Republic;622980.0
Chad;1284000.0
Chile;756700.0
China;9562910.0
Colombia;1141749.0
Comoros;1861.0
Congo, Dem. Rep.;2344860.0
Congo, Rep.;342000.0
Costa Rica;51100.0
Cote d'Ivoire;322460.0
Croatia;88073.0
Cuba;109880.0
Curacao;444.0
Cyprus;9251.0
Czechia;78870.0
Denmark;42920.0
Djibouti;23200.0
Dominica;750.0
Dominican Republic;48670.0
Ecuador;256370.0
Egypt, Arab Rep.;1001450.0
El Salvador;21040.0
Equatorial Guinea;28050.0
Eritrea;121664.244
Estonia;45340.0
Ethiopia;1136242.7
Faroe Islands;1396.0
Fiji;18270.0
Finland;338450.0
France;549087.0
French Polynesia;3471.0
Gabon;267670.0
Gambia, The;11300.0
Georgia;69700.0
Germany;357580.0
Ghana;238540.0
Greece;131960.0
Greenland;410450.0
Grenada;340.0
Guam;540.0
Guatemala;108890.0
Guinea;245860.0
Guinea-Bissau;36130.0
Guyana;214970.0
Haiti;27750.0
Honduras;112490.0
Hong Kong SAR, China;1110.0
Hungary;93030.0
Iceland;103000.0
India;3287260.0
Indonesia;1913580.0
Iran, Islamic Rep.;1745150.0
Iraq;435052.0
Ireland;70280.0
Isle of Man;570.0
Israel;22070.0
Italy;302069.0
Jamaica;10990.0
Japan;377970.0
Jordan;89320.0
Kazakhstan;2724902.0
Kenya;580370.0
Kiribati;810.0
Korea, Dem. People's Rep.;120540.0
Korea, Rep.;100339.0
Kuwait;17820.0
Kyrgyz Republic;199950.0
Lao PDR;236800.0
Latvia;64594.0
Lebanon;10450.0
Lesotho;30360.0
Liberia;111370.0
Libya;1759540.0
Lithuania;65286.0
Luxembourg;2590.0
North Macedonia;25710.0
Madagascar;587295.0
Malawi;118480.0
Malaysia;330713.0
Maldives;300.0
Mali;1240190.0
Malta;320.0
Mauritania;1030700.0
Mauritius;2007.0
Mexico;1964375.0
Micronesia, Fed. Sts.;700.0
Moldova;33850.0
Mongolia;1564120.0
Montenegro;13810.0
Morocco;446550.0
Mozambique;799380.0
Myanmar;676590.0
Namibia;824290.0
Nepal;147180.0
Netherlands;41540.0
New Caledonia;18580.0
New Zealand;267710.0
Nicaragua;130370.0
Niger;1267000.0
Nigeria;923770.0
Northern Mariana Islands;460.0
Norway;625194.0
Oman;309500.0
Pakistan;796100.0
Palau;460.0
Panama;75320.0
Papua New Guinea;462840.0
Paraguay;406752.0
Peru;1285220.0
Philippines;300000.0
Poland;312680.0
Portugal;92225.6
Puerto Rico (US);8870.0
Qatar;11490.0
Romania;238400.0
Russian Federation;17098250.0
Rwanda;26340.0
Samoa;2840.0
Sao Tome and Principe;960.0
Saudi Arabia;2149690.0
Senegal;196710.0
Serbia;88360.0
Seychelles;460.0
Sierra Leone;72300.0
Singapore;719.0
Slovak Republic;49030.0
Slovenia;20675.0
Solomon Islands;28900.0
Somalia, Fed. Rep.;637660.0
South Africa;1219090.0
South Sudan;646883.0
Spain;505935.0
Sri Lanka;65610.0
St. Kitts and Nevis;260.0
St. Lucia;620.0
St. Vincent and the Grenadines;390.0
Sudan;1878000.0
Suriname;163820.0
Eswatini;17360.0
Sweden;528449.29
Switzerland;41290.7
Syrian Arab Republic;185180.0
Tajikistan;141380.0
Tanzania;947300.0
Thailand;513120.0
Timor-Leste;14870.0
Togo;56790.0
Tonga;750.0
Trinidad and Tobago;5130.0
Tunisia;163610.0
Turkiye;785350.0
Turkmenistan;488100.0
Turks and Caicos Islands;950.0
Uganda;241550.0
Ukraine;603550.0
United Arab Emirates;98647.9
United Kingdom;243610.0
United States;9831510.0
Uruguay;176220.0
Uzbekistan;448924.0
Vanuatu;12190.0
Venezuela, RB;912050.0
Viet Nam;331230.0
Virgin Islands (U.S.);350.0
West Bank and Gaza;6020.0
Yemen, Rep.;527970.0
Zambia;752610.0
Zimbabwe;390760.0
Afghanistan;19449602244.5449
Albania;12563436494.2492
Algeria;201027370828.171
Angola;85029884361.6455
Antigua and Barbuda;1356337300.99126
Argentina;532504167159.506
Armenia;11045672826.7053
Aruba;2779171748.89003
Australia;1314218336900.93
Austria;401752142847.211
Azerbaijan;46729265974.4718
Bahamas, The;10795921142.679
Bahrain;32348153026.6238
Bangladesh;225591727898.942
Barbados;5367857906.73848
Belarus;53366156233.9518
Belgium;490005006478.761
Belize;2058694975.6792
Benin;12171124091.5211
Bermuda;6689406375.36548
Bhutan;2152170785.36801
Bolivia;33490607690.1137
Bosnia and Herzegovina;17598824944.9714
Botswana;13545412768.6041
Brazil;1839991635542.07
Brunei Darussalam;13925295902.1618
Bulgaria;52585518708.5058
Burkina Faso;12626356083.9431
Burundi;2707205570.73846
Cabo Verde;1833718971.6041
Cambodia;24513116372.8426
Cameroon;34412094661.6485
Canada;1585229175341.14
Cayman Islands;3018186348.64587
Central African Republic;1869960216.76917
Chad;14237482102.9906
Chile;243046025927.931
China;11604134912471.2
Colombia;311102697309.253
Comoros;1049206486.91825
Congo, Dem. Rep.;38368509559.0102
Congo, Rep.;11826831604.3751
Costa Rica;54371622126.1702
Cote d'Ivoire;48916733337.103
Croatia;53735788580.7602
Cuba;84811198976.6624
Curacao;2915027215.07865
Cyprus;21151400876.8033
Czechia;186577264392.86
Denmark;331275583248.078
Djibouti;2455811775.91439
Dominica;556540564.212894
Dominican Republic;71242007513.3647
Ecuador;94956077961.139
Egypt, Arab Rep.;325198707867.36
El Salvador;22295959534.2249
Equatorial Guinea;10043892394.8458
Estonia;24526402554.4203
Ethiopia;66310955915.5059
Faroe Islands;2839719051.60036
Fiji;4605397527.10778
Finland;248142777648.351
France;2603823276261.62
French Polynesia;6189245829.88563
Gabon;14216590532.1583
Gambia, The;1339838186.50614
Georgia;15595315199.8665
Germany;3734059829677.44
Ghana;51665371592.881
Greece;199329729787.415
Grenada;920927024.403226
Guatemala;61233391818.917
Guinea;9150006371.8308
Guinea-Bissau;1236070350.97176
Guyana;4279939027.89309
Haiti;14680073741.8599
Honduras;19698747620.6188
Hong Kong SAR, China;315280224869.312
Hungary;129104988925.682
Iceland;19594121414.1553
India;2246783906989.46
Indonesia;890493673493.167
Iran, Islamic Rep.;463497058138.189
Iraq;194608175973.794
Ireland;251829806851.776
Isle of Man;6568246935.168
Israel;318892744051.447
Italy;1947749931461.05
Jamaica;14007933237.486
Japan;4887581873397.65
Jordan;38174010512.3423
Kazakhstan;155999097992.4
Kenya;71748257092.2357
Kiribati;354819096.503703
Korea, Rep.;1580316759205.39
Kosovo;6988596429.78944
Kuwait;139813136904.762
Kyrgyz Republic;6741191536.90146
Lao PDR;14563895801.7476
Latvia;28023282182.088
Lebanon;48501677331.6132
Lesotho;2642570109.0076
Liberia;2918535409.45408
Libya;50882228980.806
Lithuania;42836438339.6684
Luxembourg;42910077151.75
Macao SAR, China;38934210505.9531
North Macedonia;10364776724.0245
Madagascar;11659563209.7684
Malawi;8632391151.58564
Malaysia;311560168337.287
Maldives;3867763228.83023
Mali;16708434786.804
Malta;10828201023.65
Marshall Islands;241429066.668329
Mauritania;6300770360.20547
Mauritius;13461524630.13
Mexico;1190381172086.54
Micronesia, Fed. Sts.;369878343.993915
Moldova;8888973952.40413
Mongolia;10678416260.5219
Montenegro;4389337383.18357
Morocco;111739871285.219
Mozambique;15130344379.3329
Myanmar;63559467229.0533
Namibia;11165440937.0553
Nauru;130279385.143472
Nepal;24065937869.437
Netherlands;799787769287.227
New Zealand;186041173607.849
Nicaragua;12333268218.9241
Niger;10962186269.202
Nigeria;463851771590.265
Norway;428566105287.955
Oman;81457749214.9853
Pakistan;299994115109.889
Palau;267009628.462697
Panama;53089063470.581
Papua New Guinea;21605357912.3262
Paraguay;36730021908.519
Peru;189102637889.763
Philippines;357904546274.476
Poland;483851398113.289
Portugal;205986245879.507
Puerto Rico (US);67145096440.2585
Qatar;171350896547.112
Romania;186395800378.267
Russian Federation;1426946310645.5
Rwanda;8655609787.83402
Samoa;839309809.251015
Sao Tome and Principe;289220678.571843
Saudi Arabia;741069466022.265
Senegal;19105759853.2535
Serbia;41800438505.4896
Seychelles;1479557109.59421
Sierra Leone;6734339474.09851
Singapore;299826763586.762
Sint Maarten (Dutch part);1348523898.8756
Slovak Republic;91774910844.5542
Slovenia;44634512813.1724
Solomon Islands;1327720673.39061
Somalia, Fed. Rep.;6496601660.71499
South Africa;336464320484.813
Spain;1289771494424.84
Sri Lanka;85316153829.6399
St. Kitts and Nevis;924579584.630431
St. Lucia;1705217012.06565
St. Vincent and the Grenadines;795676177.999378
Sudan;47072397102.7486
Suriname;3917330138.77433
Eswatini;3759665772.91948
Sweden;534380743172.318
Switzerland;697964612966.47
Syrian Arab Republic;14481686882.6268
Tajikistan;9656683965.39559
Tanzania;50244433860.4284
Thailand;393271083168.625
Timor-Leste;2122760848.64528
Togo;6258871779.19796
Tonga;451354806.255533
Trinidad and Tobago;24198103360.0298
Tunisia;45269741791.18
Turkiye;899915506338.435
Turkmenistan;38647183423.6521
Turks and Caicos Islands;1103943473.04062
Tuvalu;59563672.5203933
Uganda;31612983047.5886
Ukraine;100779533554.926
United Arab Emirates;412647618371.292
United Kingdom;2841567896378.05
United States;18456327233279.6
Uruguay;55711495298.0031
Uzbekistan;88829120450.3141
Vanuatu;808642308.155731
Venezuela, RB;113183379393.529
Viet Nam;240485782014.193
West Bank and Gaza;17032221491.36
Yemen, Rep.;31072960602.1034
Zambia;22389749581.9771
Zimbabwe;18111870262.9731
Afghanistan;560.0
Albania;4670.0
Algeria;4920.0
Angola;2910.0
Antigua and Barbuda;15080.0
Argentina;12130.0
Armenia;3690.0
Aruba;25560.0
Australia;54330.0
Austria;45980.0
Azerbaijan;4790.0
Bahamas, The;27820.0
Bahrain;22720.0
Bangladesh;1400.0
Barbados;19200.0
Belarus;5640.0
Belgium;43240.0
Belize;5640.0
Benin;1040.0
Bermuda;105430.0
Bhutan;2880.0
Bolivia;3000.0
Bosnia and Herzegovina;5070.0
Botswana;6060.0
Brazil;9050.0
Brunei Darussalam;32570.0
Bulgaria;7630.0
Burkina Faso;650.0
Cabo Verde;3580.0
Cambodia;1550.0
Cameroon;1470.0
Canada;43900.0
Cayman Islands;47830.0
Central African Republic;400.0
Chad;940.0
Chile;13310.0
China;8360.0
Colombia;6560.0
Comoros;1410.0
Congo, Dem. Rep.;460.0
Congo, Rep.;2260.0
Costa Rica;11170.0
Cote d'Ivoire;1880.0
Croatia;13080.0
Cuba;7530.0
Curacao;18260.0
Cyprus;24400.0
Czechia;17660.0
Denmark;57830.0
Djibouti;2370.0
Dominica;8000.0
Dominican Republic;6750.0
Ecuador;5750.0
Egypt, Arab Rep.;3200.0
El Salvador;3600.0
Equatorial Guinea;6660.0
Estonia;18640.0
Ethiopia;620.0
Faroe Islands;57410.0
Fiji;5010.0
Finland;45160.0
France;39020.0
French Polynesia;22170.0
Gabon;6770.0
Gambia, The;590.0
Georgia;4180.0
Germany;45340.0
Ghana;1760.0
Greece;18500.0
Grenada;8000.0
Guatemala;3760.0
Guinea;760.0
Guinea-Bissau;670.0
Guyana;5610.0
Haiti;1380.0
Honduras;2090.0
Hong Kong SAR, China;42970.0
Hungary;13230.0
Iceland;58410.0
India;1670.0
Indonesia;3370.0
Iran, Islamic Rep.;5530.0
Iraq;5060.0
Ireland;52880.0
Isle of Man;78690.0
Israel;37310.0
Italy;32400.0
Jamaica;4990.0
Japan;38460.0
Jordan;3810.0
Kazakhstan;8500.0
Kenya;1490.0
Kiribati;2990.0
Korea, Rep.;30850.0
Kosovo;3930.0
Kuwait;34920.0
Kyrgyz Republic;1090.0
Lao PDR;2110.0
Latvia;14300.0
Lebanon;7670.0
Lesotho;1240.0
Liberia;610.0
Libya;7670.0
Lithuania;14890.0
Luxembourg;73730.0
Macao SAR, China;59670.0
North Macedonia;5440.0
Madagascar;450.0
Malawi;490.0
Malaysia;9800.0
Maldives;8720.0
Mali;870.0
Malta;23820.0
Marshall Islands;5060.0
Mauritania;1540.0
Mauritius;10650.0
Mexico;9740.0
Micronesia, Fed. Sts.;3390.0
Moldova;3170.0
Mongolia;3460.0
Montenegro;7020.0
Morocco;3150.0
Mozambique;550.0
Myanmar;1230.0
Namibia;4580.0
Nauru;11680.0
Nepal;860.0
Netherlands;46960.0
New Zealand;39460.0
Nicaragua;1980.0
Niger;530.0
Nigeria;2370.0
Norway;81870.0
Oman;18550.0
Pakistan;1360.0
Palau;15000.0
Panama;13180.0
Papua New Guinea;2410.0
Paraguay;5880.0
Peru;6130.0
Philippines;3350.0
Poland;12740.0
Portugal;19950.0
Puerto Rico (US);19290.0
Qatar;69170.0
Romania;9460.0
Russian Federation;9680.0
Rwanda;730.0
Samoa;4120.0
Sao Tome and Principe;1420.0
Saudi Arabia;23940.0
Senegal;1270.0
Serbia;5920.0
Seychelles;15630.0
Sierra Leone;930.0
Singapore;53470.0
Sint Maarten (Dutch part);35260.0
Slovak Republic;16900.0
Slovenia;21610.0
Solomon Islands;2000.0
Somalia, Fed. Rep.;450.0
South Africa;5880.0
Spain;27760.0
Sri Lanka;4020.0
St. Kitts and Nevis;19640.0
St. Lucia;9710.0
St. Vincent and the Grenadines;7480.0
Sudan;1140.0
Suriname;6660.0
Eswatini;3270.0
Sweden;53850.0
Switzerland;83360.0
Syrian Arab Republic;750.0
Tajikistan;1090.0
Tanzania;960.0
Thailand;5550.0
Timor-Leste;1730.0
Togo;800.0
Tonga;4280.0
Trinidad and Tobago;17870.0
Tunisia;3930.0
Turkiye;11350.0
Turkmenistan;6080.0
Turks and Caicos Islands;28810.0
Tuvalu;5450.0
Uganda;810.0
Ukraine;2330.0
United Arab Emirates;46180.0
United Kingdom;43310.0
United States;56900.0
Uruguay;16490.0
Uzbekistan;2840.0
Vanuatu;2970.0
Venezuela, RB;3680.0
Viet Nam;2560.0
West Bank and Gaza;3900.0
Yemen, Rep.;970.0
Zambia;1320.0
Zimbabwe;1240.0
Afghanistan;77790300893.8725
Albania;33273569255.3288
Algeria;545393972006.106
Angola;216244553633.198
Antigua and Barbuda;1792750662.72916
Argentina;863207236895.477
Armenia;32364395080.3965
Aruba;3748949816.13048
Australia;1120633918006.06
Austria;457586709759.297
Azerbaijan;133314014398.87
Bahamas, The;11942158277.36
Bahrain;63947711232.7998
Bangladesh;770879103187.534
Barbados;5152235010.26856
Belarus;160900350090.374
Belgium;553524342166.756
Belize;3258275977.10252
Benin;33139256276.3922
Bermuda;5246908291.18516
Bhutan;7767567930.1109
Bolivia;101782354815.691
Bosnia and Herzegovina;41837134274.4552
Botswana;33163187364.1
Brazil;2846197824917.46
Brunei Darussalam;26009280715.0338
Bulgaria;128940657861.316
Burkina Faso;34762910787.0786
Burundi;8585942173.20767
Cabo Verde;3646587315.33736
Cambodia;72297997974.0618
Cameroon;83664911616.3662
Canada;1657591887626.39
Cayman Islands;2619514300.11203
Central African Republic;3942112928.35926
Chad;31586636734.0096
Chile;413012764323.289
China;19551764868088.8
Colombia;658039414706.677
Comoros;2341051172.79661
Congo, Dem. Rep.;78129240680.8212
Congo, Rep.;20224120130.4975
Costa Rica;89513475335.587
Cote d'Ivoire;115130993832.18
Croatia;97013318178.8196
Curacao;3704781412.94964
Cyprus;27364367643.1171
Czechia;356471034544.78
Denmark;304284296177.775
Djibouti;4457233321.50236
Dominica;870951698.858091
Dominican Republic;164403135385.462
Ecuador;176153185406.284
Egypt, Arab Rep.;1069524989723.49
El Salvador;49730228036.5628
Equatorial Guinea;19456870395.8154
Estonia;41160634954.3146
Ethiopia;197586705772.362
Faroe Islands;2784848334.94823
Fiji;10206801498.4657
Finland;245945316978.755
France;2918879960617.61
Gabon;27116527895.5201
Gambia, The;4510338615.19933
Georgia;46495073155.0409
Germany;4368046845103.96
Ghana;141337268710.443
Greece;293037835128.615
Grenada;1462955956.1401
Guatemala;146464752068.307
Guinea;26904454027.6037
Guinea-Bissau;3389358587.79474
Guyana;8703062025.48157
Haiti;34837480265.1542
Honduras;45399704059.0202
Hong Kong SAR, China;426902050223.732
Hungary;267987006387.463
Iceland;18290558555.509
India;7706181204018.37
Indonesia;2628825069015.53
Iran, Islamic Rep.;1274483267107.27
Iraq;346000767006.376
Ireland;283308161135.305
Israel;326630380115.037
Italy;2440210322263.84
Jamaica;26836826388.845
Japan;5338418864031.41
Jordan;86863843994.8362
Kazakhstan;381362825184.343
Kenya;186000269591.319
Kiribati;489141446.839585
Korea, Rep.;2141790582760.39
Kosovo;16478147987.9339
Kuwait;187196953122.996
Kyrgyz Republic;26936738702.4326
Lao PDR;44583344866.2946
Latvia;47087028240.1491
Lebanon;117847615338.494
Lesotho;7116435555.77473
Liberia;6501423381.49662
Libya;114179713789.122
Lithuania;79679561983.2425
Luxembourg;43719406405.0222
Macao SAR, China;63328084878.0173
North Macedonia;28095480805.0124
Madagascar;39354407588.6816
Malawi;24683438880.3585
Malaysia;781577863648.754
Maldives;7654801124.56947
Mali;47501152885.1243
Malta;15446735165.6404
Marshall Islands;263638846.908151
Mauritania;18788148112.8126
Mauritius;28894705431.3641
Mexico;2393565436264.06
Micronesia, Fed. Sts.;425722883.550945
Moldova;30562698896.897
Mongolia;29793059762.4745
Montenegro;10607810623.3211
Morocco;275101766505.828
Mozambique;36965162204.3397
Myanmar;223681170227.824
Namibia;24391252952.4007
Nauru;156983060.672101
Nepal;84283663269.3559
Netherlands;878515000352.003
New Zealand;182353602478.265
Nicaragua;34912757613.8181
Niger;25380000723.662
Nigeria;1367086676593.17
Norway;323801372250.271
Oman;142339170740.119
Pakistan;1002030923785.33
Palau;307783794.491602
Panama;113542462149.787
Papua New Guinea;32613538948.8238
Paraguay;80275869922.6391
Peru;357007419043.172
Philippines;875506408879.903
Poland;1034762526091.51
Portugal;318759416957.173
Puerto Rico (US);75279386784.2397
Qatar;221149565426.594
Romania;433361979854.384
Russian Federation;3440587138811.77
Rwanda;21636033367.5603
Samoa;1222113563.3078
Sao Tome and Principe;682740049.932667
Saudi Arabia;1580191818012.66
Senegal;45403355545.6457
Serbia;102582372676.816
Seychelles;2537899307.22492
Sierra Leone;18686236340.5654
Singapore;474207796200.791
Sint Maarten (Dutch part);1672291522.08964
Slovak Republic;157911266827.506
Slovenia;67737919896.8647
Solomon Islands;1553933544.19067
Somalia, Fed. Rep.;20974602576.9014
South Africa;754274886214.158
Spain;1750233410721.95
Sri Lanka;270463171138.21
St. Kitts and Nevis;1253540048.54963
St. Lucia;2529283874.22783
St. Vincent and the Grenadines;1420978451.57082
Sudan;180697326856.387
Suriname;8074262873.62891
Eswatini;9215047347.34819
Sweden;500323147884.305
Switzerland;560671216442.423
Tajikistan;29857833446.6067
Tanzania;124715501759.383
Thailand;1125830947041.56
Timor-Leste;5637437831.73363
Togo;15298589692.7168
Tonga;634558137.449344
Trinidad and Tobago;37534881289.5166
Tunisia;124009382893.002
Turkiye;2096820386655.84
Turkmenistan;80024241583.6647
Turks and Caicos Islands;1102029707.74853
Tuvalu;64068714.4763635
Uganda;82538604596.4604
Ukraine;474782135855.741
United Arab Emirates;628775165260.297
United Kingdom;2824431493908.68
United States;19036279000000.0
Uruguay;73612592068.1113
Uzbekistan;218609964317.943
Vanuatu;842266072.544228
Viet Nam;743900376751.093
West Bank and Gaza;29731907745.5068
Zambia;54313038103.1591
Zimbabwe;58892084310.8043
Afghanistan;2240.0
Albania;12370.0
Algeria;13350.0
Angola;7410.0
Antigua and Barbuda;19930.0
Argentina;19660.0
Armenia;10820.0
Aruba;34480.0
Australia;46320.0
Austria;52380.0
Azerbaijan;13660.0
Bahamas, The;30770.0
Bahrain;44920.0
Bangladesh;4790.0
Barbados;18430.0
Belarus;16990.0
Belgium;48850.0
Belize;8930.0
Benin;2830.0
Bermuda;82690.0
Bhutan;10390.0
Bolivia;9100.0
Bosnia and Herzegovina;12050.0
Botswana;14840.0
Brazil;14010.0
Brunei Darussalam;60830.0
Bulgaria;18700.0
Burkina Faso;1800.0
Burundi;760.0
Cabo Verde;7110.0
Cambodia;4560.0
Cameroon;3570.0
Canada;45900.0
Cayman Islands;41510.0
Central African Republic;840.0
Chad;2090.0
Chile;22610.0
China;14090.0
Colombia;13870.0
Comoros;3160.0
Congo, Dem. Rep.;930.0
Congo, Rep.;3870.0
Costa Rica;18390.0
Cote d'Ivoire;4430.0
Croatia;23620.0
Curacao;23200.0
Cyprus;31570.0
Czechia;33740.0
Denmark;53120.0
Djibouti;4300.0
Dominica;12510.0
Dominican Republic;15580.0
Ecuador;10670.0
Egypt, Arab Rep.;10520.0
El Salvador;8020.0
Equatorial Guinea;12900.0
Estonia;31280.0
Ethiopia;1850.0
Faroe Islands;56300.0
Fiji;11100.0
Finland;44760.0
France;43750.0
Gabon;12910.0
Gambia, The;1970.0
Georgia;12470.0
Germany;53040.0
Ghana;4810.0
Greece;27190.0
Grenada;12710.0
Guatemala;9000.0
Guinea;2230.0
Guinea-Bissau;1850.0
Guyana;11400.0
Haiti;3260.0
Honduras;4820.0
Hong Kong SAR, China;58190.0
Hungary;27460.0
Iceland;54530.0
India;5730.0
Indonesia;9930.0
Iran, Islamic Rep.;15210.0
Iraq;8990.0
Ireland;59480.0
Israel;38220.0
Italy;40590.0
Jamaica;9550.0
Japan;42010.0
Jordan;8680.0
Kazakhstan;20770.0
Kenya;3860.0
Kiribati;4130.0
Korea, Rep.;41820.0
Kosovo;9270.0
Kuwait;46750.0
Kyrgyz Republic;4360.0
Lao PDR;6450.0
Latvia;24030.0
Lebanon;18640.0
Lesotho;3340.0
Liberia;1370.0
Libya;17220.0
Lithuania;27690.0
Luxembourg;75120.0
Macao SAR, China;97050.0
North Macedonia;14740.0
Madagascar;1510.0
Malawi;1410.0
Malaysia;24590.0
Maldives;17270.0
Mali;2480.0
Malta;33990.0
Marshall Islands;5530.0
Mauritania;4600.0
Mauritius;22860.0
Mexico;19580.0
Micronesia, Fed. Sts.;3900.0
Moldova;10900.0
Mongolia;9650.0
Montenegro;16960.0
Morocco;7740.0
Mozambique;1350.0
Myanmar;4340.0
Namibia;10000.0
Nauru;14080.0
Nepal;3010.0
Netherlands;51590.0
New Zealand;38680.0
Nicaragua;5600.0
Niger;1230.0
Nigeria;6990.0
Norway;61860.0
Oman;32420.0
Pakistan;4550.0
Palau;17290.0
Panama;28180.0
Papua New Guinea;3640.0
Paraguay;12850.0
Peru;11570.0
Philippines;8200.0
Poland;27250.0
Portugal;30870.0
Puerto Rico (US);21630.0
Qatar;89280.0
Romania;22000.0
Russian Federation;23340.0
Rwanda;1820.0
Samoa;6010.0
Sao Tome and Principe;3350.0
Saudi Arabia;51050.0
Senegal;3020.0
Serbia;14530.0
Seychelles;26810.0
Sierra Leone;2590.0
Singapore;84570.0
Sint Maarten (Dutch part);43720.0
Slovak Republic;29080.0
Slovenia;32800.0
Solomon Islands;2350.0
Somalia, Fed. Rep.;1460.0
South Africa;13170.0
Spain;37670.0
Sri Lanka;12750.0
St. Kitts and Nevis;26630.0
St. Lucia;14400.0
St. Vincent and the Grenadines;13360.0
Sudan;4380.0
Suriname;13740.0
Eswatini;8020.0
Sweden;50420.0
Switzerland;66960.0
Tajikistan;3370.0
Tanzania;2390.0
Thailand;15890.0
Timor-Leste;4590.0
Togo;1950.0
Tonga;6010.0
Trinidad and Tobago;27720.0
Tunisia;10760.0
Turkiye;26450.0
Turkmenistan;12580.0
Turks and Caicos Islands;28760.0
Tuvalu;5860.0
Uganda;2130.0
Ukraine;10980.0
United Arab Emirates;70370.0
United Kingdom;43050.0
United States;58690.0
Uruguay;21780.0
Uzbekistan;6990.0
Vanuatu;3100.0
Viet Nam;7910.0
West Bank and Gaza;6810.0
Zambia;3210.0
Zimbabwe;4030.0
South Sudan;263.9
Afghanistan;12084.4
Albania;7891.8
Algeria;19560.0
Angola;688276.2
Argentina;290100.0
Armenia;3293.1
Australia;1340372.0
Austria;38847.9
Azerbaijan;10874.752
Bahamas, The;5098.6
Bangladesh;18834.0
Belarus;87096.0
Belgium;6893.0
Belize;13216.8
Benin;33351.5
Bhutan;27171.6
Bolivia;517506.8
Bosnia and Herzegovina;21765.1
Botswana;157279.0
Brazil;5020820.0
Brunei Darussalam;3800.0
Bulgaria;38410.0
Burkina Faso;64164.0
Burundi;2796.4
Cabo Verde;445.2
Cambodia;86911.3
Cameroon;205644.8
Canada;3470760.4
Central African Republic;224230.0
Chad;47690.0
Chile;177190.1
China;2124600.0
Colombia;599594.9
Comoros;346.7
Congo, Dem. Rep.;1305607.4
Congo, Rep.;220030.0
Costa Rica;29694.0
Cote d'Ivoire;32882.6
Croatia;19241.202
Cuba;32410.0
Cyprus;1726.1
Czechia;26698.5
Denmark;6246.6
Dominica;478.7
Dominican Republic;21117.4
Ecuador;127549.1
Egypt, Arab Rep.;449.8
El Salvador;6018.8
Equatorial Guinea;24818.6
Eritrea;10679.0
Estonia;24212.5
Ethiopia;173605.0
Fiji;11133.0
Finland;224090.0
France;169194.0
French Polynesia;1494.6
Gabon;235781.2
Gambia, The;2656.0
Georgia;28224.0
Germany;114190.0
Ghana;79222.4
Greece;39018.0
Guam;280.0
Guatemala;35742.0
Guinea;63490.0
Guinea-Bissau;20137.7
Guyana;184521.6
Haiti;3597.4
Honduras;64430.5
Hungary;20587.3
Iceland;486.6
India;710940.0
Indonesia;952718.0
Iran, Islamic Rep.;107020.0
Iraq;8250.0
Ireland;7623.5
Israel;1400.0
Italy;93508.9
Jamaica;5813.4
Japan;249400.0
Jordan;975.0
Kazakhstan;33377.1
Kenya;35519.7
Korea, Dem. People's Rep.;61150.0
Korea, Rep.;63250.0
Kyrgyz Republic;12562.4
Lao PDR;167335.0
Latvia;33953.1
Lebanon;1409.3
Lesotho;345.2
Liberia;77384.8
Libya;2170.0
Lithuania;21900.0
Luxembourg;887.0
North Macedonia;10016.7
Madagascar;124826.8
Malawi;24097.0
Malaysia;193146.4
Mali;132960.0
Mauritania;3346.0
Mauritius;382.9
Mexico;662031.5
Micronesia, Fed. Sts.;643.0
Moldova;3865.0
Mongolia;141772.2
Montenegro;8270.0
Morocco;56997.9
Mozambique;376282.9
Myanmar;297027.3
Namibia;69229.4
Nepal;59620.3
Netherlands;3657.6
New Caledonia;8384.2
New Zealand;98467.5
Nicaragua;38075.3
Niger;11293.8
Nigeria;222801.479
Norway;121488.0
Pakistan;38682.4
Palau;410.8
Panama;42595.0
Papua New Guinea;359898.8
Paraguay;173331.3
Peru;730102.8
Philippines;70490.4
Poland;94350.0
Portugal;33120.0
Puerto Rico (US);4943.7
Romania;69290.5
Russian Federation;8151210.0
Rwanda;2720.0
Samoa;1635.9
Sao Tome and Principe;543.8
Saudi Arabia;9770.0
Senegal;82281.6
Serbia;27201.8
Seychelles;337.0
Sierra Leone;26138.0
Slovak Republic;19233.7
Slovenia;12459.7
Solomon Islands;25258.9
Somalia, Fed. Rep.;62870.0
South Africa;171956.9
South Sudan;71570.0
Spain;185552.4
Sri Lanka;21256.6
St. Vincent and the Grenadines;285.4
Sudan;190481.9
Suriname;152403.2
Eswatini;4927.2
Sweden;279800.0
Switzerland;12553.5
Syrian Arab Republic;5220.8
Tajikistan;4218.0
Tanzania;476210.0
Thailand;200170.0
Timor-Leste;9267.0
Togo;12211.1
Trinidad and Tobago;2298.7
Tunisia;6966.1
Turkiye;216303.0
Turkmenistan;41270.0
Uganda;25029.1
Ukraine;96640.0
United Arab Emirates;3173.0
United Kingdom;31590.0
United States;3100950.0
Uruguay;19470.0
Uzbekistan;35863.0
Vanuatu;4423.0
Venezuela, RB;465432.6
Viet Nam;143776.8
Yemen, Rep.;5490.0
Zambia;455668.0
Zimbabwe;176288.6
Antigua and Barbuda;340.162467773313
Denmark;350.658246436019
Equatorial Guinea;607.222649588308
Israel;264.38991780593
Luxembourg;1420.31670909076
Maldives;934.632547339889
Malta;281.701027865389
Monaco;1290.64563888582
Qatar;664.655955315431
Singapore;626.796846792948
Switzerland;415.773085528418
United Kingdom;357.592909577301
Albania;840.619363568519
Algeria;1371.20207705232
Angola;462.934994006148
Argentina;1889.87018853289
Armenia;1043.09797203416
Australia;5216.98867184459
Austria;3797.16802222945
Azerbaijan;1480.9342834589
Bahrain;9878.66504979139
Bangladesh;255.923548835134
Belarus;2639.09486268036
Belgium;4904.15770755315
Benin;409.038821084068
Bolivia;778.965230116872
Bosnia and Herzegovina;1945.25475764264
Botswana;1245.11570542658
Brazil;1414.8979311951
Brunei Darussalam;7008.28171997556
Bulgaria;2606.61053390992
Burkina Faso;271.615575346763
Cambodia;412.747652430932
Cameroon;400.082970120892
Canada;7944.50789345873
Chile;2070.46958170364
China;2149.2047500244
Colombia;910.977529760876
Congo, Dem. Rep.;355.065446444122
Congo, Rep.;561.321718306384
Costa Rica;1001.15093508133
Cote d'Ivoire;391.655583364613
Croatia;2057.18869470229
Cuba;960.436964626777
Curacao;12894.4531964629
Cyprus;1761.87442919766
Czechia;3927.72515918366
Denmark;2891.02688317679
Dominican Republic;842.638249219176
Ecuador;885.602158222866
Egypt, Arab Rep.;872.581407763809
El Salvador;686.997805008996
Equatorial Guinea;1510.32394648061
Eritrea;277.263825443909
Estonia;4579.42111654538
Ethiopia;383.623509864643
Finland;6120.63301519281
France;3718.17053401513
Gabon;2489.24179859903
Georgia;1300.49894445527
Germany;3765.21799936242
Ghana;327.900376302991
Gibraltar;6576.81314975242
Greece;2109.41656684289
Guatemala;833.55203066865
Haiti;408.56544100745
Honduras;616.39140542774
Hong Kong SAR, China;2081.70251975178
Hungary;2613.09354239281
Iceland;15701.4730096728
India;627.273531026365
Indonesia;718.57953489745
Iran, Islamic Rep.;2860.59701763688
Iraq;1076.62803028259
Ireland;2932.30415263032
Israel;2569.21718310487
Italy;2511.46353090755
Jamaica;998.797053907958
Japan;3370.8877963853
Jordan;887.616759444148
Kazakhstan;3389.09731833891
Kenya;533.407778503543
Korea, Dem. People's Rep.;409.40016933224
Korea, Rep.;5390.84042635905
Kuwait;9684.89135568875
Kyrgyz Republic;624.353480068472
Lao PDR;754.130255846522
Latvia;2172.43884661611
Lebanon;1356.17702319106
Libya;3118.86767779323
Lithuania;2504.98383829705
Luxembourg;6342.68337961913
North Macedonia;1408.22019004476
Madagascar;293.322517988217
Malaysia;2759.17228283076
Malta;1311.66732595294
Mauritius;1135.89802652029
Mexico;1525.3837445098
Moldova;1356.31269266323
Mongolia;1588.34126525003
Montenegro;1552.23307233486
Morocco;558.062023900473
Mozambique;380.805586001126
Myanmar;376.137198590416
Namibia;759.461668268778
Nepal;458.265548485248
Netherlands;4352.44653138733
New Zealand;4265.93839527509
Nicaragua;626.823007449197
Nigeria;330.71892495147
Norway;5368.57647170474
Oman;5557.31259783447
Pakistan;446.831497143007
Panama;1045.76582937315
Paraguay;1072.60628446376
Peru;764.054757957891
Philippines;520.980850770081
Poland;2614.97160490538
Portugal;2111.0971132123
Qatar;15178.8562114172
Romania;1604.62335040687
Russian Federation;4917.54083897618
Rwanda;347.74298432412
Saudi Arabia;7521.58911581712
Senegal;287.042022425235
Serbia;2165.83889288491
Singapore;5449.41985010808
Slovak Republic;3159.56804668402
Slovenia;3296.73500361863
South Africa;2311.76901865151
Spain;2563.00704379932
Sri Lanka;542.532333545075
Sudan;448.456631655364
Suriname;1728.65071732658
Eswatini;1035.35273669945
Sweden;4858.89940544006
Switzerland;2819.83095943189
Syrian Arab Republic;530.409473294403
Tajikistan;326.569218788739
Tanzania;416.315699078634
Thailand;1985.00530928348
Togo;422.806732967677
Trinidad and Tobago;12250.992693627
Tunisia;955.176493865808
Turkiye;1724.54363987712
Turkmenistan;3589.90954802381
Uganda;473.604213435105
Ukraine;2007.97794185628
United Arab Emirates;10355.5476088804
United Kingdom;2696.97999020896
United States;6663.4963294418
Uruguay;1550.98299580242
Uzbekistan;1209.61523440111
Venezuela, RB;1901.6695815311
Viet Nam;738.879533385899
Zambia;683.714230135287
Zimbabwe;423.185508873165
Albania;2132.76301009605
Algeria;1470.35348531547
Angola;331.664900231538
Argentina;3104.98925144338
Armenia;1889.85061658256
Australia;10196.8479313322
Austria;8255.77897660756
Azerbaijan;2215.66064195539
Bahrain;19531.1457401213
Bangladesh;412.780315331328
Belarus;3560.00113629415
Belgium;7753.83707358176
Bolivia;760.910982270157
Bosnia and Herzegovina;3642.95683015534
Botswana;1700.39413346125
Brazil;2592.61337303819
Brunei Darussalam;9420.81185506731
Bulgaria;5124.6428306711
Cambodia;407.3727529447
Canada;15759.6052350317
Chile;4185.58466008595
China;4237.54530584599
Colombia;1478.42913852649
Congo, Rep.;304.44979220823
Costa Rica;2068.21535574907
Croatia;4028.61840911819
Cuba;1539.28610358674
Curacao;4929.10111233591
Cyprus;3737.73756943591
Czechia;6459.66831252321
Denmark;5887.38497314076
Dominican Republic;1542.72927934887
Ecuador;1423.43545243697
Egypt, Arab Rep.;1478.93755564303
El Salvador;1007.93446006967
Equatorial Guinea;822.179757669147
Estonia;7150.83713966514
Finland;15489.9556948907
France;7276.87553511397
Gabon;1011.28121330892
Georgia;2873.23558251431
Germany;6972.36527283762
Ghana;357.703181095504
Gibraltar;6179.80866361638
Greece;5500.84999300759
Guatemala;640.98308660279
Honduras;699.291783799634
Hong Kong SAR, China;6390.4260829267
Hungary;4205.74082033822
Iceland;53842.8745613957
India;879.945696796945
Indonesia;907.717733163991
Iran, Islamic Rep.;3020.01278381479
Iraq;1112.43605247329
Ireland;5830.06944348211
Israel;6890.5920898666
Italy;5124.17628393394
Jamaica;1143.80684113221
Japan;8066.01561270421
Jordan;1788.46128669876
Kazakhstan;4797.4797969897
Korea, Dem. People's Rep.;784.370157028905
Korea, Rep.;10609.8069063993
Kuwait;15956.910124033
Kyrgyz Republic;1738.85218914333
Lao PDR;796.954377908066
Latvia;3563.08658627012
Lebanon;2768.91252020383
Libya;3840.24670218871
Lithuania;4043.33886509171
Luxembourg;14327.8340383565
North Macedonia;3490.50759240482
Malaysia;4567.33056650294
Malta;4767.82433636594
Mauritius;2271.02418442932
Mexico;2292.03193018292
Moldova;1882.5008401155
Mongolia;2026.64028365194
Montenegro;4643.77719464047
Morocco;903.451649561607
Mozambique;481.835951539126
Namibia;1623.88442501741
Netherlands;6731.46719432184
New Zealand;8741.4352686621
Nicaragua;597.978457372816
Norway;23867.7135377673
Oman;7056.22134257006
Pakistan;455.97127147955
Panama;2235.49460100876
Paraguay;1845.85812480017
Peru;1493.85284898246
Philippines;773.021447487509
Poland;4191.16764204412
Portugal;4875.62190982051
Qatar;16056.9986108829
Romania;2688.06630221791
Russian Federation;6683.60463084419
Saudi Arabia;11051.2312417204
Senegal;275.831867207475
Serbia;4620.36161002573
Singapore;9040.02883392902
Slovak Republic;5226.30375867414
Slovenia;6996.46786845013
South Africa;3935.6578258883
Spain;5504.26697031493
Sri Lanka;626.479324814937
Sudan;286.913014702026
Suriname;2979.12232436194
Eswatini;1060.45461228161
Sweden;13675.7873181576
Switzerland;7479.69328361043
Syrian Arab Republic;777.489270773103
Tajikistan;1484.4967041827
Thailand;2713.87851406553
Trinidad and Tobago;6770.0966470812
Tunisia;1442.05656261943
Turkiye;3073.67891217991
Turkmenistan;2717.43531213085
Ukraine;3160.98233213565
United Arab Emirates;13705.6181271716
United Kingdom;5009.54166476138
United States;12806.1977101885
Uruguay;3408.71125620435
Uzbekistan;1538.10658341199
Venezuela, RB;2384.08202375891
Viet Nam;1788.72117786832
Zambia;661.329091746139
Zimbabwe;511.77051640193
Afghanistan;18116572395.0772
Albania;11988668784.6628
Algeria;180763839522.151
American Samoa;671000000.0
Andorra;2896611878.6258
Angola;59878249719.3279
Antigua and Barbuda;1489603703.7037
Argentina;557532320662.955
Armenia;10546136235.5219
Aruba;2983637430.1676
Australia;1211588128417.61
Austria;393687359770.273
Azerbaijan;37866996882.9157
Bahamas, The;11880900000.0
Bahrain;33884680851.0638
Bangladesh;265224515675.034
Barbados;5674600000.0
Belarus;47723545321.259
Belgium;474271566739.729
Belize;2239604950.0
Benin;11821065853.3838
Bermuda;6899911000.0
Bhutan;2357504760.78592
Bolivia;33941126193.9219
Bosnia and Herzegovina;17116926553.8513
Botswana;15082637184.0496
Brazil;1795693265999.04
Brunei Darussalam;11400266044.6651
Bulgaria;53929397039.2106
Burkina Faso;12833363045.3367
Burundi;2618093125.14687
Cabo Verde;1849789985.99572
Cambodia;26556545153.3573
Cameroon;33814337044.3765
Canada;1527994741907.43
Cayman Islands;4909322200.00212
Central African Republic;1825018144.65595
Chad;13026289835.7789
Channel Islands;9168857222.32574
Chile;249344863928.438
China;11456024084962.0
Colombia;282720100286.228
Comoros;1012835493.19325
Congo, Dem. Rep.;38600224214.4728
Congo, Rep.;10931328150.8478
Costa Rica;58847019609.6549
Cote d'Ivoire;48407761036.8238
Croatia;52650714171.8617
Cuba;91370407900.0
Curacao;3024690188.01683
Cyprus;21046462280.5979
Czechia;198160659303.939
Denmark;312181849372.233
Djibouti;2604955228.70117
Dominica;612711111.111111
Dominican Republic;75552902635.7075
Ecuador;97671433000.0
Egypt, Arab Rep.;332441717791.411
El Salvador;24191430000.0
Equatorial Guinea;11240808847.8878
Estonia;24561027787.7896
Ethiopia;68475871209.607
Faroe Islands;2813278868.78208
Fiji;4930213644.36653
Finland;238777818792.608
France;2470407619777.13
French Polynesia;5497036476.8031
Gabon;14023890265.3665
Gambia, The;1484578885.97132
Georgia;15444548901.9637
Germany;3536787895179.0
Ghana;56144179397.8516
Greece;193097239005.87
Greenland;2707139544.46695
Grenada;1061640740.74074
Guam;5901000000.0
Guatemala;66053408205.8838
Guinea;8595955222.49719
Guinea-Bissau;1245074264.10396
Guyana;4482697336.56174
Haiti;14069277526.2278
Honduras;21717604952.1835
Hong Kong SAR, China;320860317562.562
Hungary;128983560865.293
Iceland;21083713310.457
India;2294796885663.16
Indonesia;931877364037.698
Iran, Islamic Rep.;478618064870.999
Iraq;166743557747.671
Ireland;305431252708.748
Isle of Man;6846377563.00683
Israel;321940971558.016
Italy;1887111188176.93
Jamaica;14898999754.1229
Japan;5003677627544.24
Jordan;39892551126.7606
Kazakhstan;137278320084.171
Kenya;74815144163.8931
Kiribati;206467818.503227
Korea, Rep.;1579150518945.44
Kosovo;6682677289.98994
Kuwait;109406674124.652
Kyrgyz Republic;6813095379.1187
Lao PDR;15912501722.6143
Latvia;27117105059.5075
Lebanon;51147308774.1294
Lesotho;2114426452.2019
Liberia;3398419600.0
Libya;49912073701.298
Liechtenstein;6237302033.50132
Lithuania;42970749245.0336
Luxembourg;62216885435.9488
Macao SAR, China;44964868323.7558
North Macedonia;10672467073.2873
Madagascar;11848613858.442
Malawi;7909868618.46366
Malaysia;301256033870.334
Maldives;4409942623.85538
Mali;16743796799.8329
Malta;12025782834.1534
Marshall Islands;201800000.0
Mauritania;6398747592.13185
Mauritius;12757680846.5663
Mexico;1112233497452.7
Micronesia, Fed. Sts.;325000000.0
Moldova;7980917075.7748
Monaco;6471290793.55029
Mongolia;11181350649.3573
Montenegro;4357469330.46719
Morocco;111572947004.917
Mozambique;12069051237.1711
Myanmar;63298361983.5653
Namibia;10722018732.0936
Nauru;97541943.0355053
Nepal;24524109483.5293
Netherlands;797163949289.885
New Caledonia;8724568954.89799
New Zealand;189100085275.23
Nicaragua;13286093388.4752
Niger;10398861981.7583
Nigeria;404649125252.16
Northern Mariana Islands;1230000000.0
Norway;370956547619.048
Oman;75128738621.5865
Pakistan;313630000130.435
Palau;305227020.263672
Panama;59760858717.8359
Papua New Guinea;20758876952.6232
Paraguay;36089700222.9546
Peru;191898104390.379
Philippines;318627003016.731
Poland;473259583969.643
Portugal;206305431241.638
Puerto Rico (US);104336700000.0
Qatar;151732142857.143
Romania;185290759248.844
Russian Federation;1276786350881.14
Rwanda;8695272057.91798
Samoa;843924796.697421
San Marino;1468343139.74326
Sao Tome and Principe;292267272.196925
Saudi Arabia;689279466666.667
Senegal;19040312333.1864
Serbia;42225495909.5633
Seychelles;1568513348.14463
Sierra Leone;6084297211.10217
Singapore;319646468521.497
Sint Maarten (Dutch part);1427017206.70391
Slovak Republic;90347173228.6356
Slovenia;44290685824.0682
Solomon Islands;1379486290.71433
Somalia, Fed. Rep.;6613743069.99912
South Africa;323585509674.481
Spain;1243015667917.12
Sri Lanka;88000211171.5956
St. Kitts and Nevis;1006818518.51852
St. Lucia;1868544444.44444
St. Vincent and the Grenadines;814303703.703704
Sudan;42630376000.0
Suriname;3317421648.09918
Eswatini;3722306116.72872
Sweden;513058312950.939
Switzerland;687895460902.713
Syrian Arab Republic;12597854877.4254
Tajikistan;6992416096.89018
Tanzania;49774409374.4538
Thailand;413366349747.508
Timor-Leste;1640464612.08088
Togo;6071167584.1951
Tonga;420828262.317922
Trinidad and Tobago;23624322192.6274
Tunisia;44360072680.4476
Turkiye;870818016909.84
Turkmenistan;36169428571.4286
Turks and Caicos Islands;1202078000.0
Tuvalu;41629064.2232388
Uganda;29203988696.2626
Ukraine;93355869403.9223
United Arab Emirates;381717086453.37
United Kingdom;2706807606538.73
United States;18695110842000.0
Uruguay;57480787465.2716
Uzbekistan;86138288644.171
Vanuatu;804323576.861028
Venezuela, RB;112915034262.314
Viet Nam;257096001177.982
Virgin Islands (U.S.);3798000000.0
West Bank and Gaza;15405400000.0
Yemen, Rep.;31317825274.1507
Zambia;20958412538.3093
Zimbabwe;20559250000.0
Venezuela, RB;307.478007106374
Hong Kong SAR, China;995.21049131838
South Africa;293.993488633205
Macao SAR, China;310.568
Hong Kong SAR, China;331.345118672303
Afghanistan;2596050086.4
Albania;8516021767.5
Algeria;5463041852.5
Angola;57434097528.2
Argentina;181637286190.7
Armenia;9855623087.1
Azerbaijan;14469746198.7
Bangladesh;41569252897.7
Belarus;37515947697.5
Belize;1290777702.5
Benin;4184965533.2
Bhutan;2389670352.4
Bolivia;10994252972.4
Bosnia and Herzegovina;11664670468.5
Botswana;2121220930.7
Brazil;543257228545.3
Bulgaria;39994027753.1
Burkina Faso;10251883007.9
Burundi;603715776.7
Cabo Verde;1837379413.6
Cambodia;10063760399.9
Cameroon;7890233642.2
Central African Republic;743898467.8
Chad;2857894668.9
China;1413904270462.7
Colombia;120886231723.7
Comoros;175006571.8
Congo, Dem. Rep.;5218340595.9
Congo, Rep.;6666379338.7
Cote d'Ivoire;11454555251.3
Djibouti;1702240895.4
Dominica;536051362.9
Dominican Republic;28291425524.5
Ecuador;35395057632.2
Egypt, Arab Rep.;69188517055.2
El Salvador;16582870003.6
Eritrea;800798598.7
Ethiopia;23396722284.1
Fiji;1401041843.0
Gabon;5386777813.9
Gambia, The;623076239.2
Georgia;15830998022.1
Ghana;34860777089.7
Grenada;623422784.3
Guatemala;21129829604.4
Guinea;2217230661.2
Guinea-Bissau;595584357.4
Guyana;1643860201.4
Haiti;2300997423.0
Honduras;7621689846.3
India;455541896498.9
Indonesia;319052612588.1
Iran, Islamic Rep.;6058410415.5
Iraq;23353445730.2
Jamaica;14006048394.7
Jordan;27110465347.6
Kazakhstan;166979215648.4
Kenya;21057671043.3
Kosovo;2124679279.7
Kyrgyz Republic;7973634965.0
Lao PDR;13528101907.2
Lebanon;69523800483.9
Lesotho;1358062674.5
Liberia;949982627.2
North Macedonia;7364973879.5
Madagascar;2976805934.8
Malawi;1848081075.2
Maldives;1137521463.6
Mali;3847760144.7
Mauritania;5080228847.5
Mauritius;10444397736.4
Mexico;544792453300.0
Moldova;6217992082.0
Mongolia;26419310479.1
Montenegro;6277162867.3
Morocco;47831451631.0
Mozambique;43401165454.9
Myanmar;10112462045.0
Nepal;4297388214.0
Nicaragua;12218682282.7
Niger;2511623278.5
Nigeria;43735939488.9
Pakistan;75132689979.4
Papua New Guinea;19247283289.3
Paraguay;17249495429.0
Peru;70260218413.7
Philippines;75276875923.6
Russian Federation;535225173047.3
Rwanda;4318716827.6
Samoa;444079880.5
Sao Tome and Principe;240916227.4
Senegal;11454854863.9
Serbia;27905718375.2
Sierra Leone;1624480861.3
Solomon Islands;263838572.3
Somalia, Fed. Rep.;2744666127.8
South Africa;144058545587.0
Sri Lanka;46662738616.2
St. Lucia;543662556.6
St. Vincent and the Grenadines;361331556.4
Sudan;21361100515.0
Suriname;2962151764.6
Eswatini;765430841.0
Syrian Arab Republic;4367932030.6
Tajikistan;5180495790.8
Tanzania;19530747919.3
Thailand;131071178439.1
Timor-Leste;80907571.1
Togo;1213797944.2
Tonga;174411669.5
Tunisia;29527167044.6
Turkiye;398941852378.3
Turkmenistan;8167364609.0
Uganda;10088174030.4
Ukraine;116341600303.7
Uzbekistan;15334623459.2
Vanuatu;293420900.7
Viet Nam;90484088511.7
Yemen, Rep.;7062871730.7
Zambia;15755769971.2
Zimbabwe;11815422651.3
Andorra;1415.0
Angola;91614.0
Argentina;5215.0
Aruba;405.0
Australia;254648.0
Austria;65976.0
Azerbaijan;4671.0
Bahamas, The;1002.0
Bahrain;46833.0
Belarus;8272.0
Belgium;28090.0
Belize;3313.0
Benin;3837.0
Bhutan;1116.0
Brunei Darussalam;415.0
Cameroon;13255.0
Canada;329455.0
Cayman Islands;1094.0
Chad;21540.0
Channel Islands;307.0
Chile;135864.0
Colombia;104373.0
Congo, Dem. Rep.;440748.0
Costa Rica;1649.0
Cote d'Ivoire;18568.0
Curacao;645.0
Cyprus;10951.0
Czechia;5465.0
Denmark;33391.0
Djibouti;1623.0
Ecuador;35461.0
Equatorial Guinea;17107.0
Estonia;1081.0
Ethiopia;115823.0
Faroe Islands;541.0
Finland;17321.0
France;15548.0
Gabon;7398.0
Germany;517480.0
Ghana;7009.0
Gibraltar;401.0
Greece;10484.0
Hong Kong SAR, China;10262.0
Iceland;4128.0
India;81248.0
Iran, Islamic Rep.;66630.0
Ireland;18967.0
Israel;24308.0
Italy;84568.0
Japan;314732.0
Jordan;31046.0
Kazakhstan;9478.0
Korea, Rep.;91568.0
Kuwait;105818.0
Kyrgyz Republic;1187.0
Luxembourg;12760.0
Macao SAR, China;7676.0
Malawi;3505.0
Malaysia;222141.0
Maldives;9421.0
Malta;8624.0
Monaco;798.0
Mongolia;5633.0
Namibia;14002.0
Netherlands;88743.0
New Zealand;75512.0
Niger;14833.0
Nigeria;75265.0
Norway;26417.0
Oman;117538.0
Panama;10109.0
Papua New Guinea;28473.0
Peru;96740.0
Qatar;119725.0
Russian Federation;447645.0
San Marino;291.0
Senegal;29498.0
Seychelles;1682.0
Sierra Leone;4657.0
Singapore;13737.0
Sint Maarten (Dutch part);545.0
Slovak Republic;3487.0
Slovenia;1195.0
Solomon Islands;6146.0
Somalia, Fed. Rep.;124017.0
Spain;106474.0
Sudan;84728.0
Sweden;119234.0
Switzerland;71009.0
Tanzania;152194.0
Thailand;112978.0
Turkiye;352063.0
Turkmenistan;13365.0
Turks and Caicos Islands;1309.0
Uganda;123379.0
United Arab Emirates;195317.0
United Kingdom;324649.0
United States;1889129.0
Viet Nam;167652.0
Zambia;25860.0
Afghanistan;167894464.282526
Albania;147156757.388012
Algeria;76633496.3215657
Angola;1176110313.56
Antigua and Barbuda;54742927.4962962
Argentina;769242057.986733
Armenia;358015507.114937
Aruba;98053343.8823571
Australia;6179374297.70856
Austria;4885123590.77348
Azerbaijan;740236000.0
Bahamas, The;193848517.8571
Bahrain;2391489361.70212
Bangladesh;41213540.6892769
Barbados;51615785.7846208
Belarus;123800000.0
Belgium;4564818715.74935
Belize;45202220.8003739
Benin;88136694.4092266
Bermuda;213856867.829307
Bhutan;52526250.439501
Bolivia;222250464.340478
Bosnia and Herzegovina;60512502.9427537
Botswana;80447980.7958848
Brazil;1385076006.47
Bulgaria;126530000.0
Burkina Faso;188062679.743842
Burundi;16966533.9970575
Cabo Verde;36460830.9082514
Cambodia;356857492.012196
Cameroon;81209328.7727286
Canada;5255722464.64191
Cayman Islands;371197417.729328
Chile;345594093.542873
China;6210890955.57
Colombia;258624566.969654
Comoros;920601.507883439
Congo, Dem. Rep.;450360618.476024
Congo, Rep.;401913167.789797
Costa Rica;416129213.480398
Cote d'Ivoire;715984964.055524
Croatia;276588135.155273
Curacao;127391061.452514
Cyprus;689854494.167956
Czechia;1658604748.22938
Denmark;2914430190.47191
Dominica;21161683.974074
Dominican Republic;617100000.0
Ecuador;302374307.716292
Egypt, Arab Rep.;352200000.0
El Salvador;164990212.17
Estonia;121850347.700687
Ethiopia;29869539.2632145
Fiji;13015472.7656233
Finland;1245105871.7228
France;14430722882.1849
French Polynesia;22659424.6012585
Gambia, The;17797429.1852169
Georgia;100492400.12
Germany;15369178335.4719
Ghana;1548909687.62726
Greece;1800318875.52917
Grenada;47840931.2566665
Guatemala;18786480.0
Guinea;33870677.1223562
Guinea-Bissau;39780250.8123264
Guyana;151564738.603099
Haiti;266340122.310086
Honduras;41100000.0
Hong Kong SAR, China;816526002.584576
Hungary;580163914.440947
Iceland;246667889.401116
India;5622636934.73719
Indonesia;5150593774.53716
Iraq;349600000.0
Ireland;1560607324.42944
Israel;1927500000.0
Italy;8677587198.8777
Jamaica;298112484.858385
Japan;5066869685.05945
Jordan;569999999.999999
Kazakhstan;2396148203.76026
Kenya;17907896.6647359
Kiribati;1035283.88511128
Korea, Rep.;10784300000.0
Kosovo;66754503.0142293
Kuwait;15287570250.0847
Kyrgyz Republic;377876057.473422
Lao PDR;39476133.67
Latvia;233810559.591579
Lebanon;4170870499.8
Liberia;357014804.500034
Libya;755800000.0
Lithuania;583843381.169258
Luxembourg;11679077113.5343
Macao SAR, China;2026879348.86577
North Macedonia;24250401.0
Madagascar;47656921.8462246
Malawi;7593224.62247674
Malaysia;10105146887.5383
Maldives;376235041.420934
Mali;160379732.463204
Malta;450710172.115229
Marshall Islands;19452182.37
Mauritius;599031731.59797
Mexico;543970787.0
Moldova;141340000.0
Mongolia;170934427.066398
Montenegro;59921997.9209868
Morocco;106698413.017656
Mozambique;98477390.9082008
Myanmar;297721233.568434
Namibia;49840304.5476159
Nauru;25288098.9273245
Nepal;20054323.5822039
Netherlands;11014789958.386
New Caledonia;59857716.3259552
New Zealand;790898226.118918
Nicaragua;1600000.0
Niger;109142182.179832
Nigeria;744771120.37037
Oman;10312093628.0884
Pakistan;64000000.0
Palau;18072000.0
Panama;838790100.0
Papua New Guinea;198200061.878482
Paraguay;74510155.0122114
Philippines;196072883.620123
Poland;3732000000.0
Portugal;340603667.75272
Qatar;11981868131.8681
Romania;302507609.917676
Russian Federation;16244420000.0
Rwanda;102463730.789654
Samoa;17712737.9459102
Sao Tome and Principe;575612.70524661
Saudi Arabia;37843380799.9999
Senegal;388583223.220911
Serbia;238677762.754648
Seychelles;62945642.8205388
Sierra Leone;5474609.54698583
Sint Maarten (Dutch part);116374301.675978
Slovak Republic;301539372.433388
Slovenia;257585736.738508
Solomon Islands;69187218.7297608
South Africa;896798664.324972
South Sudan;63790000.0
Spain;304127565.357779
Sri Lanka;895080001.022999
St. Kitts and Nevis;24507970.3703703
St. Lucia;21837280.0148148
St. Vincent and the Grenadines;12403062.6476569
Sudan;112042591.036966
Suriname;40347661.6066498
Eswatini;18849753.453243
Sweden;2858462903.50703
Switzerland;26004555633.4882
Tajikistan;87127370.0
Tanzania;108374755.875715
Thailand;4155202827.76698
Timor-Leste;237380400.0
Togo;77823097.616674
Tonga;25551135.8577494
Trinidad and Tobago;372027289.650098
Tunisia;27420431.0920066
Turkiye;1108000000.0
Turks and Caicos Islands;95019100.0
Tuvalu;1116775.28611244
Uganda;349353415.866985
Ukraine;559000000.0
United Kingdom;10190899107.2853
United States;62870000000.0
Uruguay;85258958.7457025
Uzbekistan;159289200.0
Vanuatu;4552015.08131006
Venezuela, RB;54000000.0
West Bank and Gaza;30393003.577098
Yemen, Rep.;332700000.0
Zambia;63405836.4378632
Zimbabwe;13844871.1232992
Afghanistan;93591315.3
Albania;1044389554.85795
Algeria;1638263953.77736
Antigua and Barbuda;97431976.4735788
Argentina;3260164341.77393
Armenia;333823945.510433
Aruba;27550827.0999312
Australia;42970225977.7088
Azerbaijan;4499666000.0
Bahamas, The;390400036.41
Bahrain;243351063.829787
Bangladesh;2332724780.71107
Barbados;557500316.04356
Belarus;1246900000.0
Belgium;57538351507.0684
Belize;32733410.9928006
Benin;131790853.840789
Bhutan;11884162.3485119
Bolivia;335365530.426077
Bosnia and Herzegovina;313198153.358835
Botswana;142522598.297582
Brazil;74294627801.19
British Virgin Islands;49022945940.0
Bulgaria;1488430000.0
Burkina Faso;390622353.410171
Burundi;55103.7198213654
Cabo Verde;126312006.101644
Cambodia;2475915853.65762
Cameroon;663893595.165465
Canada;34201872160.6084
Cayman Islands;2684234739.26841
Central African Republic;7256090.0
Chad;244682120.0
Chile;11362832162.4891
China;174749584584.05
Colombia;13857937720.8026
Comoros;3569823.72997216
Congo, Dem. Rep.;932374669.380907
Congo, Rep.;50608700.3526123
Costa Rica;2620435490.61534
Cote d'Ivoire;577871524.156215
Croatia;1574455103.96607
Curacao;133083798.882682
Cyprus;3331071355.68026
Czechia;10850612308.2062
Denmark;7804020827.15213
Djibouti;159997974.353059
Dominica;42264926.1072222
Dominican Republic;2516100000.0
Ecuador;766570868.122241
Egypt, Arab Rep.;8106800000.0
El Salvador;479469380.713821
Equatorial Guinea;1755302290.0
Eritrea;52305000.0
Estonia;925762256.709316
Ethiopia;4142937496.46329
Fiji;391619655.400882
Finland;5228087258.97726
France;35623357280.0881
French Polynesia;61544514.3227108
Gabon;1243660160.0
Gambia, The;69830172.212844
Georgia;1659824033.37
Germany;58132711370.7802
Ghana;3485333369.27963
Greece;2698544612.16074
Grenada;109416203.7508
Guatemala;845786560.0
Guinea;1618447260.26485
Guinea-Bissau;23998591.3709028
Guyana;58000000.0
Haiti;104900000.0
Honduras;1147030449.99683
Hong Kong SAR, China;133259182324.997
Hungary;69453473203.2501
India;44458571545.798
Indonesia;4541713739.23769
Iran, Islamic Rep.;3372000000.0
Ireland;79795011377.5093
Israel;11988000000.0
Italy;25656663794.7916
Jamaica;927976718.982491
Japan;40954181468.5533
Jordan;1552957746.47887
Kazakhstan;17223789547.9214
Kenya;469533310.683932
Kiribati;1806963.91645453
Korea, Rep.;12104300000.0
Kosovo;243787145.164529
Kuwait;292026510.202095
Kyrgyz Republic;619220700.0
Lao PDR;935296172.783646
Latvia;335420977.516688
Lebanon;2568485071.1
Lesotho;79234566.0376044
Liberia;311699760.322875
Liechtenstein;60669833862.7331
Lithuania;1177533775.88122
Luxembourg;17580970090.0
Macao SAR, China;1859188732.28442
North Macedonia;549371101.55116
Madagascar;540842779.829334
Malawi;115700000.0
Malaysia;13470089920.807
Maldives;456639057.30469
Mali;356476591.902582
Malta;2776034107.55999
Mauritania;271134844.997291
Mauritius;378764430.0
Mexico;38899523620.0
Moldova;87440000.0
Montenegro;226702405.905001
Morocco;2153363904.93515
Mozambique;3128149928.7
Myanmar;3278096409.87385
Namibia;358774539.653988
Nepal;105996375.590658
Netherlands;277348123316.989
New Caledonia;809821138.3806
New Zealand;2008111275.18133
Nicaragua;989100000.0
Niger;301332480.592526
Nigeria;3453258407.9848
Oman;2266070221.06632
Pakistan;2576000000.0
Palau;64657000.0
Panama;5248354450.21
Paraguay;799044840.838708
Peru;6805247718.18016
Philippines;8279548274.88501
Poland;18060000000.0
Portugal;7350311647.43462
Qatar;773901098.901099
Romania;6252035766.42823
Russian Federation;32538900000.0
Rwanda;279747327.598381
Samoa;2520673.5113578
Sao Tome and Principe;23331087.1205747
Saudi Arabia;21954833889.956
Senegal;472409799.846776
Serbia;2355214636.94213
Seychelles;68346743.9281733
Sierra Leone;138517339.824904
Singapore;65133174223.0873
Sint Maarten (Dutch part);41553072.6256983
Slovak Republic;4768259092.47383
Slovenia;1446274234.68465
Solomon Islands;37343622.7695982
Somalia, Fed. Rep.;330000000.0
South Africa;2215307020.39541
Spain;44962670965.5697
Sri Lanka;897049375.883533
St. Kitts and Nevis;121415245.555555
St. Lucia;161613065.584917
St. Vincent and the Grenadines;70524768.2973118
Sudan;1063767535.33587
Suriname;231666845.653765
Eswatini;26852077.6519873
Sweden;15470455705.9977
Switzerland;170848654800.932
Tajikistan;241616267.20903
Tanzania;864040000.0
Thailand;3486184390.30069
Timor-Leste;5478700.0
Tonga;16625145.1000078
Tunisia;622569482.161978
Turkiye;13835000000.0
Turkmenistan;2243160000.0
Turks and Caicos Islands;16590000.0
Tuvalu;300000.0
Uganda;625704361.867068
Ukraine;4128000000.0
United Arab Emirates;9604773000.0
United Kingdom;324813224213.021
United States;474388000000.0
Uzbekistan;1662886452.22485
Vanuatu;44178569.3949991
Venezuela, RB;1587000000.0
Viet Nam;12600000000.0
West Bank and Gaza;296473530.843925
Zambia;662813935.420472
Zimbabwe;343013813.38
Jordan;272.623490935821
Kiribati;513.540072280033
Marshall Islands;263.349019793224
Micronesia, Fed. Sts.;466.011147036783
Nauru;2034.11375995174
Palau;1000.06178107672
Samoa;435.569260465884
Solomon Islands;264.957599581986
Syrian Arab Republic;463.677248673975
Tonga;782.816410335822
Tuvalu;2236.02807968991
Vanuatu;474.587725215189
West Bank and Gaza;549.945557435813
Afghanistan;522.082215583898
Albania;4457.63412207495
Algeria;4424.98529027556
American Samoa;12843.3342903627
Andorra;40129.8385811474
Angola;2051.81462126253
Antigua and Barbuda;16556.8551801588
Argentina;12699.9623137756
Armenia;3524.42476874707
Aruba;27441.5502144601
Australia;50084.4440606385
Austria;45061.4993920192
Azerbaijan;3880.6852276838
Bahamas, The;30616.5363157284
Bahrain;23800.001440631
Bangladesh;1649.28380858601
Barbados;20295.5672072046
Belarus;5039.77560949445
Belgium;41854.5498296444
Belize;6140.86713919469
Benin;1010.5338961993
Bermuda;108747.356144305
Bhutan;3152.30905106786
Bolivia;3035.87347732132
Bosnia and Herzegovina;4928.5665903114
Botswana;6749.05994339013
Brazil;8836.28546025694
Brunei Darussalam;26663.2972950602
Bulgaria;7822.49923292968
Burkina Faso;663.742364842886
Cabo Verde;3608.96605234906
Cambodia;1675.19555711109
Cameroon;1441.7201725688
Canada;42314.0615817218
Cayman Islands;77802.2535658023
Central African Republic;387.176203444318
Chad;861.831767630746
Channel Islands;55947.579811974
Chile;13649.8520452803
China;8254.86859320357
Colombia;5959.84250367574
Comoros;1365.48403444497
Congo, Dem. Rep.;459.765036590388
Congo, Rep.;2093.10728558843
Costa Rica;12091.0301606154
Cote d'Ivoire;1862.59597081287
Croatia;12820.1653893008
Cuba;8110.55874283616
Curacao;18944.0962772875
Cyprus;24280.056640625
Czechia;18753.9686718096
Denmark;54500.9260410217
Djibouti;2510.4300076241
Dominica;8802.56172041363
Dominican Republic;7160.44200982307
Ecuador;5917.63771271481
Egypt, Arab Rep.;3270.6287768197
El Salvador;3901.34014965811
Equatorial Guinea;7453.19797948517
Estonia;18666.3736521706
Ethiopia;641.651523286233
Faroe Islands;56875.2803813296
Fiji;5363.79026679243
Finland;43451.2562442158
France;37024.2157133669
French Polynesia;19690.0775734589
Gabon;6677.07003901644
Gambia, The;650.056501323611
Georgia;4143.40125686315
Germany;42948.9381932694
Ghana;1912.47991339951
Greece;17919.2426377048
Greenland;48181.7453541266
Grenada;9221.23461079424
Guam;35930.6594898711
Guatemala;4060.13784737643
Guinea;711.996509782316
Guinea-Bissau;679.665386626818
Guyana;5870.87823759835
Haiti;1318.40268167953
Honduras;2307.34468351082
Hong Kong SAR, China;43734.1980702999
Hungary;13215.8605277789
Iceland;62854.0906407932
India;1707.50892912243
Indonesia;3521.46943457574
Iran, Islamic Rep.;5710.59947089104
Iraq;4334.42096404188
Ireland;64129.5571542383
Isle of Man;82025.9454509241
Israel;37671.5389138798
Italy;31391.5692898108
Jamaica;5302.29553353854
Japan;39375.4731620781
Jordan;3986.71677010853
Kazakhstan;7475.56688689424
Kenya;1554.12610314423
Kiribati;1742.66799324117
Korea, Rep.;30832.0628072516
Kosovo;3759.44959067104
Kuwait;27323.6890735517
Kyrgyz Republic;1103.27489428412
Lao PDR;2303.22156035363
Latvia;13838.5266823272
Lebanon;8089.012088155
Lesotho;992.491840678465
Liberia;714.613063145659
Libya;7525.80299308216
Liechtenstein;165375.491396259
Lithuania;14934.2702840428
Luxembourg;106899.293549552
Macao SAR, China;68911.6755919628
North Macedonia;5598.48622617967
Madagascar;453.970714522463
Malawi;450.506105510719
Malaysia;9476.53409809923
Maldives;9947.80744731739
Mali;872.468587171653
Malta;26459.0770929988
Marshall Islands;4229.80988911945
Mauritania;1565.76575722696
Mauritius;10095.1225574156
Mexico;9097.92397674769
Micronesia, Fed. Sts.;2979.60119184048
Moldova;2847.08794770479
Monaco;173604.753555915
Mongolia;3619.90026383792
Montenegro;6968.01539365317
Morocco;3140.85546875
Mozambique;441.489734819071
Myanmar;1229.19713491328
Namibia;4395.68776162376
Nauru;8748.15632605428
Nepal;877.256454696737
Netherlands;46808.5291492503
New Caledonia;30782.8544433514
New Zealand;40113.7195382428
Nicaragua;2131.68704828322
Niger;502.706475406446
Nigeria;2070.4127339595
Northern Mariana Islands;24225.474169342
Norway;70867.3609970749
Oman;17110.1897460545
Pakistan;1424.69161195897
Palau;17150.4759377239
Panama;14832.3611652459
Papua New Guinea;2316.39479758492
Paraguay;5775.15963399596
Peru;6217.03599995447
Philippines;2985.19564024046
Poland;12464.0110508476
Portugal;19980.2808866516
Puerto Rico (US);29978.0889268918
Qatar;61253.6217997091
Romania;9404.54005870715
Russian Federation;8663.158203125
Rwanda;729.519133812945
Samoa;4147.07097674888
San Marino;44359.4797662688
Sao Tome and Principe;1434.87018050521
Saudi Arabia;22267.7217050387
Senegal;1266.43957151587
Serbia;5982.37030126471
Seychelles;16566.9946042294
Sierra Leone;844.416411175476
Singapore;57005.5887176547
Sint Maarten (Dutch part);37308.6147795736
Slovak Republic;16636.0769133073
Slovenia;21447.8377796036
Solomon Islands;2082.62383124213
Somalia, Fed. Rep.;460.928490585175
South Africa;5651.20585165749
Spain;26755.6061149398
Sri Lanka;4149.19190775593
St. Kitts and Nevis;21387.5415511103
St. Lucia;10638.1269396653
St. Vincent and the Grenadines;7656.90042881178
Sudan;1033.21594238281
Suriname;5644.2061057532
Eswatini;3238.17611961364
Sweden;51703.5088332851
Switzerland;82153.0745447889
Syrian Arab Republic;656.3490586313
Tajikistan;788.710481734485
Tanzania;953.0107421875
Thailand;5833.57715617098
Timor-Leste;1335.54391073349
Togo;772.581357620609
Tonga;3987.98626206287
Trinidad and Tobago;17449.1538801956
Tunisia;3847.80354448809
Turkiye;10984.3643169061
Turkmenistan;5686.98040962764
Turks and Caicos Islands;31373.5612684327
Tuvalu;3808.69755015909
Uganda;752.696571725656
Ukraine;2158.46118164063
United Arab Emirates;42721.0999383185
United Kingdom;41257.9085545556
United States;57638.1018367192
Uruguay;17009.7584207276
Uzbekistan;2753.37951427589
Vanuatu;2956.12644801489
Venezuela, RB;3670.15737848208
Viet Nam;2735.0604380416
Virgin Islands (U.S.);35324.9748874586
West Bank and Gaza;3527.61382413178
Yemen, Rep.;975.359417003225
Zambia;1239.08527877713
Zimbabwe;1408.13945253431
Angola;452522618.92
Austria;777023614.940291
Bermuda;168557638.692137
Botswana;27171118.1530403
Brunei Darussalam;150550827.310312
Burundi;607822.799693013
Canada;33404095512.7527
China;41674876169.524
Congo, Rep.;1147138978.64047
Denmark;10094436005.2953
Finland;15196877456.5247
France;37198001295.6237
Germany;58421887790.0
Iraq;6560200000.0
Ireland;16477511216.6158
Israel;2590400000.0
Japan;137656207444.102
Korea, Rep.;17785200000.0
Kuwait;6110599561.98838
Libya;439500000.0
Marshall Islands;3055847.4488757
Mongolia;4170877673.22967
Nauru;4926929.04254842
Netherlands;110795464137.632
Norway;24929905386.601
Papua New Guinea;331415711.579501
Qatar;7128021978.02197
Samoa;12841696.3902604
South Africa;2275171115.05217
South Sudan;5880000.0
Spain;15417358755.6325
Switzerland;13350272572.9875
Thailand;9906454564.7239
Timor-Leste;7188000.0
Togo;303274601.811713
Uruguay;1823407171.07988
South Sudan;379.999585624026
Venezuela, RB;254.948534781816
